<?xml version="1.0" encoding="UTF-8"?>
<!DOCTYPE hibernate-configuration PUBLIC
"=//Hibernate/Hibernate Configuration DTD 3.0//EN"
"http://www.hibernate.org/dtd/hibernate-configuration-3.0.dtd">

<hibernate-configuration>
    <session-factory>
        <!--Database connection settings -->
        <property name = "connection.driver_class"> com.mysql.jdbc.Driver </property >
        <property name = "connection.url" > jdbc:mysql://localhost:3306/absensi_kelas</property>
        <property name = "connection.username">root</property>
        <property name = "connection.password"></property>
        <!--SQL dialect -->
        <property name = "dialect"> org.hibernate.dialect.MySQL5Dialect</property>
        <!--Echo all executed SQL to stdout-->
        <property name = "show_sql" >true</property>
        <mapping class = "org.abs.model.Akun"/>
        <mapping class = "org.abs.model.DataAbsensi"/>
        <mapping class = "org.abs.model.Kehadiran"/>
        <mapping class = "org.abs.model.Peran"/>
        <mapping class = "org.abs.model.User"/>
    </session-factory>
</hibernate-configuration>
