<?xml version="1.0" encoding="UTF-8"?>
<project-private xmlns="http://www.netbeans.org/ns/project-private/1">
    <editor-bookmarks xmlns="http://www.netbeans.org/ns/editor-bookmarks/2" lastBookmarkId="0"/>
    <open-files xmlns="http://www.netbeans.org/ns/projectui-open-files/2">
        <group>
            <file>file:/D:/PBO/AbsensiKelas/src/org/abs/dao/KehadiranDao.java</file>
            <file>file:/D:/PBO/AbsensiKelas/src/org/abs/dao/AkunDao.java</file>
            <file>file:/D:/PBO/AbsensiKelas/src/org/abs/view/UtamaKwatry.fxml</file>
            <file>file:/D:/PBO/AbsensiKelas/src/org/abs/model/Akun.java</file>
            <file>file:/D:/PBO/AbsensiKelas/src/org/abs/controller/LoginSController.java</file>
            <file>file:/D:/PBO/AbsensiKelas/src/org/abs/dao/impl/AkunDaoImpl.java</file>
            <file>file:/D:/PBO/AbsensiKelas/src/org/abs/view/AbsensiSLogin.fxml</file>
            <file>file:/D:/PBO/AbsensiKelas/src/org/abs/driver/Absensi.java</file>
            <file>file:/D:/PBO/AbsensiKelas/src/org/abs/controller/DaftarSController.java</file>
            <file>file:/D:/PBO/AbsensiKelas/src/org/abs/dao/DataAbsensiDao.java</file>
            <file>file:/D:/PBO/AbsensiKelas/src/org/abs/view/UtamaKwatryController1.java</file>
            <file>file:/D:/PBO/AbsensiKelas/src/org/abs/dao/impl/KehadiranDaoImpl.java</file>
            <file>file:/D:/PBO/AbsensiKelas/src/org/abs/controller/DataAbsensiController.java</file>
            <file>file:/D:/PBO/AbsensiKelas/src/org/abs/driver/Driver.java</file>
            <file>file:/D:/PBO/AbsensiKelas/src/org/abs/controller/KehadiranController.java</file>
            <file>file:/D:/PBO/AbsensiKelas/src/org/abs/dao/impl/DataAbsensiDaoImpl.java</file>
            <file>file:/D:/PBO/AbsensiKelas/src/org/abs/model/Kehadiran.java</file>
        </group>
    </open-files>
</project-private>
